,ESTU_GENERO_MASCULINO,EDAD,FAMI_ESTRATOVIVIENDA,FAMI_PERSONASHOGAR,FAMI_CUARTOSHOGAR,FAMI_TIENEINTERNET,FAMI_TIENESERVICIOTV,FAMI_TIENECOMPUTADOR,FAMI_TIENELAVADORA,FAMI_TIENEAUTOMOVIL,FAMI_TIENEMOTOCICLETA,FAMI_TIENECONSOLAVIDEOJUEGOS,FAMI_NUMLIBROS,ESTU_DEDICACIONLECTURADIARIA,ESTU_DEDICACIONINTERNET,COLE_NATURALEZA_OFICIAL,COLE_BILINGUE,COLE_AREA_UBICACION_URBANA,PUNT_GLOBAL
0,0.4325396825396935,15.112495385751007,1.8238279808046876,2.6059431524547936,2.788021410114433,0.49547803617568087,0.7277593207825805,0.4850498338870505,0.7200996677740913,0.17266519010704073,0.43909191583610097,0.18401624215576262,1.767534145441153,1.3558508674788052,2.211609449981568,0.8480066445182826,0.010151347360649552,0.8308416389811619,218.879291251395
1,0.46540811872544485,13.850283718899924,2.287538192928845,2.4074639895242362,2.8272588389349624,0.7421431689218446,0.8342426887822002,0.7317765168048845,0.8292230467044883,0.3243125272806574,0.33937145351375175,0.2941946748144806,2.296268005237911,1.6738323876036916,2.663356612832845,0.6697948494107464,0.009493670886075898,0.9295067656045315,302.74596246181716
